{
  "title":"Installing and Using GIT",
  "description":"This assignment is worth 10 points.",
  "grading":"This assignment is graded by the instructor.",
  "parts":[
    {
      "title":"A screen shot (including the URL) of Tsugi running on your local computer with your name in the image",
      "type":"image"
    },
    {
      "title":"A screen shot of PHPMyAdmin showing the tables in the Tsugi database",
      "type":"image"
    }
  ],
  "totalpoints":10,
  "instructorpoints":10,
  "peerpoints":0,
  "assesspoints":0,
  "minassess":0,
  "maxassess":0
}
